{
  "accuracy": 0.936542669584245,
  "precision": 0.9422222222222222,
  "recall": 0.9298245614035088,
  "f1_score": 0.9359823399558499,
  "auc_roc": 0.9774189841415767,
  "confusion_matrix": [
    [
      216,
      13
    ],
    [
      16,
      212
    ]
  ],
  "classification_report": {
    "0": {
      "precision": 0.9310344827586207,
      "recall": 0.9432314410480349,
      "f1-score": 0.9370932754880694,
      "support": 229.0
    },
    "1": {
      "precision": 0.9422222222222222,
      "recall": 0.9298245614035088,
      "f1-score": 0.9359823399558499,
      "support": 228.0
    },
    "accuracy": 0.936542669584245,
    "macro avg": {
      "precision": 0.9366283524904214,
      "recall": 0.9365280012257718,
      "f1-score": 0.9365378077219597,
      "support": 457.0
    },
    "weighted avg": {
      "precision": 0.9366161120752533,
      "recall": 0.936542669584245,
      "f1-score": 0.9365390231875309,
      "support": 457.0
    }
  }
}