{
  "accuracy": 0.7727272727272727,
  "precision": 0.7142857142857143,
  "recall": 0.9090909090909091,
  "f1_score": 0.8,
  "auc_roc": 0.8512396694214877,
  "confusion_matrix": [
    [
      7,
      4
    ],
    [
      1,
      10
    ]
  ],
  "classification_report": {
    "0": {
      "precision": 0.875,
      "recall": 0.6363636363636364,
      "f1-score": 0.7368421052631579,
      "support": 11.0
    },
    "1": {
      "precision": 0.7142857142857143,
      "recall": 0.9090909090909091,
      "f1-score": 0.8,
      "support": 11.0
    },
    "accuracy": 0.7727272727272727,
    "macro avg": {
      "precision": 0.7946428571428572,
      "recall": 0.7727272727272727,
      "f1-score": 0.7684210526315789,
      "support": 22.0
    },
    "weighted avg": {
      "precision": 0.7946428571428572,
      "recall": 0.7727272727272727,
      "f1-score": 0.768421052631579,
      "support": 22.0
    }
  }
}