{
  "hit_at_1": 0.2,
  "hit_at_5": 0.56,
  "hit_at_10": 0.76,
  "mrr": 0.3733607503607504,
  "jaccard": 0.1720427639783677,
  "num_scenarios": 25
}