{
  "hit_at_1": 0.55,
  "hit_at_5": 0.0,
  "hit_at_10": 0.0,
  "mrr": 0.8809523809523808,
  "jaccard": 0.6166666666666666,
  "num_scenarios": 20
}