{
  "top_hate_subreddits": [
    {
      "subreddit": "politics",
      "total_posts": 35666,
      "hate_posts": 767,
      "offensive_posts": 4733,
      "normal_posts": 30166,
      "hate_ratio": 0.021505074861212357,
      "offensive_ratio": 0.13270341501710312,
      "combined_ratio": 0.15420848987831548
    },
    {
      "subreddit": "worldnews",
      "total_posts": 19203,
      "hate_posts": 374,
      "offensive_posts": 2292,
      "normal_posts": 16537,
      "hate_ratio": 0.019476123522366297,
      "offensive_ratio": 0.1193563505702234,
      "combined_ratio": 0.1388324740925897
    }
  ],
  "top_normal_subreddits": [
    {
      "subreddit": "worldnews",
      "total_posts": 19203,
      "hate_posts": 374,
      "offensive_posts": 2292,
      "normal_posts": 16537,
      "hate_ratio": 0.019476123522366297,
      "offensive_ratio": 0.1193563505702234,
      "combined_ratio": 0.1388324740925897
    },
    {
      "subreddit": "politics",
      "total_posts": 35666,
      "hate_posts": 767,
      "offensive_posts": 4733,
      "normal_posts": 30166,
      "hate_ratio": 0.021505074861212357,
      "offensive_ratio": 0.13270341501710312,
      "combined_ratio": 0.15420848987831548
    }
  ]
}