{
  "top_hate_subreddits": [
    {
      "subreddit": "politics",
      "total_posts": 2286,
      "hate_posts": 34,
      "offensive_posts": 218,
      "normal_posts": 2034,
      "hate_ratio": 0.014873140857392825,
      "offensive_ratio": 0.09536307961504811,
      "combined_ratio": 0.11023622047244094
    },
    {
      "subreddit": "worldnews",
      "total_posts": 1714,
      "hate_posts": 20,
      "offensive_posts": 185,
      "normal_posts": 1509,
      "hate_ratio": 0.011668611435239206,
      "offensive_ratio": 0.10793465577596266,
      "combined_ratio": 0.11960326721120186
    }
  ],
  "top_normal_subreddits": [
    {
      "subreddit": "politics",
      "total_posts": 2286,
      "hate_posts": 34,
      "offensive_posts": 218,
      "normal_posts": 2034,
      "hate_ratio": 0.014873140857392825,
      "offensive_ratio": 0.09536307961504811,
      "combined_ratio": 0.11023622047244094
    },
    {
      "subreddit": "worldnews",
      "total_posts": 1714,
      "hate_posts": 20,
      "offensive_posts": 185,
      "normal_posts": 1509,
      "hate_ratio": 0.011668611435239206,
      "offensive_ratio": 0.10793465577596266,
      "combined_ratio": 0.11960326721120186
    }
  ]
}