{
  "accuracy": 0.961002767086029,
  "precision": 0.9428571428571428,
  "recall": 0.9763313609467456,
  "f1": 0.9593023255813954,
  "auc": 0.9933042665836187
}