{
  "accuracy": 0.8500000238418579,
  "precision": 0.9,
  "recall": 0.8181818181818182,
  "f1": 0.8571428571428571,
  "auc": 0.8787878787878788
}